[
  {
    "name": "آيرلندا",
    "code": "IE"
  },
  {
    "name": "آيسلندا",
    "code": "IS"
  },
  {
    "name": "أذربيجان",
    "code": "AZ"
  },
  {
    "name": "أرمينيا",
    "code": "AM"
  },
  {
    "name": "أستراليا",
    "code": "AU"
  },
  {
    "name": "أفغانستان",
    "code": "AF"
  },
  {
    "name": "ألبانيا",
    "code": "AL"
  },
  {
    "name": "ألمانيا",
    "code": "DE"
  },
  {
    "name": "أنتيغوا وبربودا",
    "code": "AG"
  },
  {
    "name": "أندورا",
    "code": "AD"
  },
  {
    "name": "أنغولا",
    "code": "AO"
  },
  {
    "name": "أوروغواي",
    "code": "UY"
  },
  {
    "name": "أوزبكستان",
    "code": "UZ"
  },
  {
    "name": "أوغندا",
    "code": "UG"
  },
  {
    "name": "أوكرانيا",
    "code": "UA"
  },
  {
    "name": "إثيوبيا",
    "code": "ET"
  },
  {
    "name": "إريتريا",
    "code": "ER"
  },
  {
    "name": "إسبانيا",
    "code": "ES"
  },
  {
    "name": "إستونيا",
    "code": "EE"
  },
  {
    "name": "إكوادور",
    "code": "EC"
  },
  {
    "name": "إندونيسيا",
    "code": "ID"
  },
  {
    "name": "إيران",
    "code": "IR"
  },
  {
    "name": "إيطاليا",
    "code": "IT"
  },
  {
    "name": "الأرجنتين",
    "code": "AR"
  },
  {
    "name": "الأردن",
    "code": "JO"
  },
  {
    "name": "الإمارات العربيّة المتحدة",
    "code": "AE"
  },
  {
    "name": "الاتحاد الروسي",
    "code": "RU"
  },
  {
    "name": "البحرين",
    "code": "BH"
  },
  {
    "name": "البرازيل",
    "code": "BR"
  },
  {
    "name": "البرتغال",
    "code": "PT"
  },
  {
    "name": "البوسنة والهرسك",
    "code": "BA"
  },
  {
    "name": "الجبل الأسود",
    "code": "ME"
  },
  {
    "name": "الجزائر",
    "code": "DZ"
  },
  {
    "name": "الجمهوريّة الدومينيكيّة",
    "code": "DO"
  },
  {
    "name": "السودان",
    "code": "SD"
  },
  {
    "name": "السويد",
    "code": "SE"
  },
  {
    "name": "السلفادور",
    "code": "SV"
  },
  {
    "name": "السنغال",
    "code": "SN"
  },
  {
    "name": "الصين",
    "code": "CN"
  },
  {
    "name": "الصومال",
    "code": "SO"
  },
  {
    "name": "العراق",
    "code": "IQ"
  },
  {
    "name": "الفلبين",
    "code": "PH"
  },
  {
    "name": "الكاميرون",
    "code": "CM"
  },
  {
    "name": "الكويت",
    "code": "KW"
  },
  {
    "name": "الكونغو",
    "code": "CG"
  },
  {
    "name": "المغرب",
    "code": "MA"
  },
  {
    "name": "المكسيك",
    "code": "MX"
  },
  {
    "name": "المملكة العربيّة السعوديّة",
    "code": "SA"
  },
  {
    "name": "المملكة المتحدة",
    "code": "GB"
  },
  {
    "name": "النرويج",
    "code": "NO"
  },
  {
    "name": "النيجر",
    "code": "NE"
  },
  {
    "name": "النمسا",
    "code": "AT"
  },
  {
    "name": "الهند",
    "code": "IN"
  },
  {
    "name": "الولايات المتحدة الأمريكيّة",
    "code": "US"
  },
  {
    "name": "اليابان",
    "code": "JP"
  },
  {
    "name": "اليمن",
    "code": "YE"
  },
  {
    "name": "اليونان",
    "code": "GR"
  },
  {
    "name": "بابوا غينيا الجديدة",
    "code": "PG"
  },
  {
    "name": "باكستان",
    "code": "PK"
  },
  {
    "name": "بالاو",
    "code": "PW"
  },
  {
    "name": "بربادوس",
    "code": "BB"
  },
  {
    "name": "بروني دار السلام",
    "code": "BN"
  },
  {
    "name": "بلجيكا",
    "code": "BE"
  },
  {
    "name": "بلغاريا",
    "code": "BG"
  },
  {
    "name": "بليز",
    "code": "BZ"
  },
  {
    "name": "بنن",
    "code": "BJ"
  },
  {
    "name": "بنما",
    "code": "PA"
  },
  {
    "name": "بوتان",
    "code": "BT"
  },
  {
    "name": "بوتسوانا",
    "code": "BW"
  },
  {
    "name": "بوركينا فاسو",
    "code": "BF"
  },
  {
    "name": "بوروندي",
    "code": "BI"
  },
  {
    "name": "بوليفيا",
    "code": "BO"
  },
  {
    "name": "بولندا",
    "code": "PL"
  },
  {
    "name": "بيرو",
    "code": "PE"
  },
  {
    "name": "بيلاروس",
    "code": "BY"
  },
  {
    "name": "تايلند",
    "code": "TH"
  },
  {
    "name": "ترينيداد وتوباغو",
    "code": "TT"
  },
  {
    "name": "تركيا",
    "code": "TR"
  },
  {
    "name": "تركمانستان",
    "code": "TM"
  },
  {
    "name": "تشاد",
    "code": "TD"
  },
  {
    "name": "تشيكيا",
    "code": "CZ"
  },
  {
    "name": "توغو",
    "code": "TG"
  },
  {
    "name": "توفالو",
    "code": "TV"
  },
  {
    "name": "توكيلاو",
    "code": "TK"
  },
  {
    "name": "تونس",
    "code": "TN"
  },
  {
    "name": "تونغا",
    "code": "TO"
  },
  {
    "name": "تيمور - ليشتي",
    "code": "TL"
  },
  {
    "name": "جامايكا",
    "code": "JM"
  },
  {
    "name": "جزر البهاما",
    "code": "BS"
  },
  {
    "name": "جزر القمر",
    "code": "KM"
  },
  {
    "name": "جزر سليمان",
    "code": "SB"
  },
  {
    "name": "جزر فيرويه",
    "code": "FO"
  },
  {
    "name": "جزر كوك",
    "code": "CK"
  },
  {
    "name": "جزر مارشال",
    "code": "MH"
  },
  {
    "name": "جمهوريّة أفريقيا الوسطى",
    "code": "CF"
  },
  {
    "name": "جمهوريّة الكونغو الديمقراطية",
    "code": "CD"
  },
  {
    "name": "جمهوريّة تنزانيا المتحدة",
    "code": "TZ"
  },
  {
    "name": "جمهوريّة كوريا",
    "code": "KR"
  },
  {
    "name": "جمهوريّة كوريا الشعبيّة الديمقراطية",
    "code": "KP"
  },
  {
    "name": "جمهوريّة لاو الديمقراطية الشعبيّة",
    "code": "LA"
  },
  {
    "name": "جمهوريّة مولدوفا",
    "code": "MD"
  },
  {
    "name": "جمهوريّة مقدونيا اليوغوسلافية السابقة",
    "code": "MK"
  },
  {
    "name": "جورجيا",
    "code": "GE"
  },
  {
    "name": "جيبوتي",
    "code": "DJ"
  },
  {
    "name": "دومينيكا",
    "code": "DM"
  },
  {
    "name": "رواندا",
    "code": "RW"
  },
  {
    "name": "رومانيا",
    "code": "RO"
  },
  {
    "name": "زامبيا",
    "code": "ZM"
  },
  {
    "name": "زمبابوي",
    "code": "ZW"
  },
  {
    "name": "سان تومي وبرنسيبي",
    "code": "ST"
  },
  {
    "name": "سان مارينو",
    "code": "SM"
  },
  {
    "name": "سانت فنسنت وجزر غرينادين",
    "code": "VC"
  },
  {
    "name": "سانت كيتس ونيفيس",
    "code": "KN"
  },
  {
    "name": "سانت لوسيا",
    "code": "LC"
  },
  {
    "name": "ساموا",
    "code": "WS"
  },
  {
    "name": "سري لانكا",
    "code": "LK"
  },
  {
    "name": "سلوفاكيا",
    "code": "SK"
  },
  {
    "name": "سلوفينيا",
    "code": "SI"
  },
  {
    "name": "سنغافورة",
    "code": "SG"
  },
  {
    "name": "سوازيلند",
    "code": "SZ"
  },
  {
    "name": "سورينام",
    "code": "SR"
  },
  {
    "name": "سويسرا",
    "code": "CH"
  },
  {
    "name": "سيراليون",
    "code": "SL"
  },
  {
    "name": "سيشيل",
    "code": "SC"
  },
  {
    "name": "شيلي",
    "code": "CL"
  },
  {
    "name": "صربيا",
    "code": "RS"
  },
  {
    "name": "طاجيكستان",
    "code": "TJ"
  },
  {
    "name": "عمان",
    "code": "OM"
  },
  {
    "name": "غابون",
    "code": "GA"
  },
  {
    "name": "غانا",
    "code": "GH"
  },
  {
    "name": "غامبيا",
    "code": "GM"
  },
  {
    "name": "غرينادا",
    "code": "GD"
  },
  {
    "name": "غواتيمالا",
    "code": "GT"
  },
  {
    "name": "غيانا",
    "code": "GY"
  },
  {
    "name": "غينيا",
    "code": "GN"
  },
  {
    "name": "غينيا - بيساو",
    "code": "GW"
  },
  {
    "name": "غينيا الاستوائيّة",
    "code": "GQ"
  },
  {
    "name": "فانواتو",
    "code": "VU"
  },
  {
    "name": "فرنسا",
    "code": "FR"
  },
  {
    "name": "فنزويلا",
    "code": "VE"
  },
  {
    "name": "فنلندا",
    "code": "FI"
  },
  {
    "name": "فيجي",
    "code": "FJ"
  },
  {
    "name": "فييت نام",
    "code": "VN"
  },
  {
    "name": "كابو فيردي",
    "code": "CV"
  },
  {
    "name": "كازاخستان",
    "code": "KZ"
  },
  {
    "name": "كرواتيا",
    "code": "HR"
  },
  {
    "name": "كمبوديا",
    "code": "KH"
  },
  {
    "name": "كندا",
    "code": "CA"
  },
  {
    "name": "كوبا",
    "code": "CU"
  },
  {
    "name": "كوت ديفوار",
    "code": "CI"
  },
  {
    "name": "كوستاريكا",
    "code": "CR"
  },
  {
    "name": "كولومبيا",
    "code": "CO"
  },
  {
    "name": "قبرص",
    "code": "CY"
  },
  {
    "name": "قطر",
    "code": "QA"
  },
  {
    "name": "قيرغيزستان",
    "code": "KG"
  },
  {
    "name": "لاتفيا",
    "code": "LV"
  },
  {
    "name": "لبنان",
    "code": "LB"
  },
  {
    "name": "لكسمبرغ",
    "code": "LU"
  },
  {
    "name": "ليبريا",
    "code": "LR"
  },
  {
    "name": "ليبيا",
    "code": "LY"
  },
  {
    "name": "ليتوانيا",
    "code": "LT"
  },
  {
    "name": "ليسوتو",
    "code": "LS"
  },
  {
    "name": "ناميبيا",
    "code": "NA"
  },
  {
    "name": "ناورو",
    "code": "NR"
  },
  {
    "name": "نيبال",
    "code": "NP"
  },
  {
    "name": "نيجيريا",
    "code": "NG"
  },
  {
    "name": "نيكاراغوا",
    "code": "NI"
  },
  {
    "name": "نيوزيلندا",
    "code": "NZ"
  },
  {
    "name": "نيوي",
    "code": "NU"
  },
  {
    "name": "مالطة",
    "code": "MT"
  },
  {
    "name": "مالي",
    "code": "ML"
  },
  {
    "name": "ماليزيا",
    "code": "MY"
  },
  {
    "name": "مدغشقر",
    "code": "MG"
  },
  {
    "name": "مصر",
    "code": "EG"
  },
  {
    "name": "ملاوي",
    "code": "MW"
  },
  {
    "name": "ملديف",
    "code": "MV"
  },
  {
    "name": "منغوليا",
    "code": "MN"
  },
  {
    "name": "موريتانيا",
    "code": "MR"
  },
  {
    "name": "موريشيوس",
    "code": "MU"
  },
  {
    "name": "موزامبيق",
    "code": "MZ"
  },
  {
    "name": "موناكو",
    "code": "MC"
  },
  {
    "name": "ميانمار",
    "code": "MM"
  },
  {
    "name": "ميكرونيزيا",
    "code": "FM"
  },
  {
    "name": "هايتي",
    "code": "HT"
  },
  {
    "name": "هندوراس",
    "code": "HN"
  },
  {
    "name": "هنغاريا",
    "code": "HU"
  },
  {
    "name": "هولندا",
    "code": "NL"
  }
]
